Timestamp,Exchange,Pair,Bid,Ask,Last,Spread,Volume,Change,PricePerUSD
2025-08-06T00:00:26.753Z,RAPIRA,USDT/RUB,80.95625188104884,80.98,,0.0293345089469495,,,
2025-08-06T00:00:27.481Z,GRINEX,USDT/RUB,80.78,81.01,,0.2847239415697004,,,
2025-08-06T00:00:28.203Z,GRINEX,USDT/A7A5,80.739086846,80.97,,0.285999214284441,,,
2025-08-06T00:00:28.739Z,MOEX,USDRUBF,,,80.13,,7649,0.18,0.08012999999999999
2025-08-06T00:00:28.935Z,MOEX,Si-9.25,,,81128,,22767,0.14,81.128
2025-08-06T00:00:29.131Z,MOEX,Si-12.25,,,83962,,1087,0.18,83.962
2025-08-06T00:00:29.328Z,MOEX,Si-3.26,,,86964,,7,0.23,86.964
2025-08-06T00:00:56.724Z,RAPIRA,USDT/RUB,80.95625188104884,80.98,,0.0293345089469495,,,
2025-08-06T00:00:57.450Z,GRINEX,USDT/RUB,80.78,81.01,,0.2847239415697004,,,
2025-08-06T00:00:58.174Z,GRINEX,USDT/A7A5,80.739086846,80.97,,0.285999214284441,,,
2025-08-06T00:00:58.727Z,MOEX,USDRUBF,,,80.13,,7649,0.18,0.08012999999999999
2025-08-06T00:00:58.918Z,MOEX,Si-9.25,,,81128,,22767,0.14,81.128
2025-08-06T00:00:59.113Z,MOEX,Si-12.25,,,83962,,1087,0.18,83.962
2025-08-06T00:00:59.476Z,MOEX,Si-3.26,,,86964,,7,0.23,86.964
2025-08-06T00:01:26.759Z,RAPIRA,USDT/RUB,80.95625188104884,80.98,,0.0293345089469495,,,
2025-08-06T00:01:27.441Z,GRINEX,USDT/RUB,80.78,81.01,,0.2847239415697004,,,
2025-08-06T00:01:28.143Z,GRINEX,USDT/A7A5,80.739086846,80.97,,0.285999214284441,,,
2025-08-06T00:01:28.860Z,MOEX,USDRUBF,,,80.13,,7649,0.18,0.08012999999999999
2025-08-06T00:01:29.053Z,MOEX,Si-9.25,,,81128,,22767,0.14,81.128
2025-08-06T00:01:29.247Z,MOEX,Si-12.25,,,83962,,1087,0.18,83.962
2025-08-06T00:01:29.441Z,MOEX,Si-3.26,,,86964,,7,0.23,86.964
2025-08-06T00:01:56.719Z,RAPIRA,USDT/RUB,80.95625188104884,80.98,,0.0293345089469495,,,
2025-08-06T00:01:57.460Z,GRINEX,USDT/RUB,80.78,81.01,,0.2847239415697004,,,
2025-08-06T00:01:58.206Z,GRINEX,USDT/A7A5,80.739086846,80.97,,0.285999214284441,,,
2025-08-06T00:01:58.737Z,MOEX,USDRUBF,,,80.13,,7649,0.18,0.08012999999999999
2025-08-06T00:01:58.945Z,MOEX,Si-9.25,,,81128,,22767,0.14,81.128
2025-08-06T00:01:59.312Z,MOEX,Si-12.25,,,83962,,1087,0.18,83.962
2025-08-06T00:01:59.505Z,MOEX,Si-3.26,,,86964,,7,0.23,86.964
2025-08-06T00:02:26.768Z,RAPIRA,USDT/RUB,80.95625188104884,80.98,,0.0293345089469495,,,
2025-08-06T00:02:27.485Z,GRINEX,USDT/RUB,80.78,81.01,,0.2847239415697004,,,
2025-08-06T00:02:28.195Z,GRINEX,USDT/A7A5,80.739086846,80.97,,0.285999214284441,,,
2025-08-06T00:02:28.735Z,MOEX,USDRUBF,,,80.13,,7649,0.18,0.08012999999999999
2025-08-06T00:02:28.928Z,MOEX,Si-9.25,,,81128,,22767,0.14,81.128
2025-08-06T00:02:29.122Z,MOEX,Si-12.25,,,83962,,1087,0.18,83.962
2025-08-06T00:02:29.484Z,MOEX,Si-3.26,,,86964,,7,0.23,86.964
2025-08-06T00:02:56.751Z,RAPIRA,USDT/RUB,80.95625188104884,80.98,,0.0293345089469495,,,
2025-08-06T00:02:57.597Z,GRINEX,USDT/RUB,80.78,81.01,,0.2847239415697004,,,
2025-08-06T00:02:58.313Z,GRINEX,USDT/A7A5,80.739086846,80.97,,0.285999214284441,,,
2025-08-06T00:02:58.857Z,MOEX,USDRUBF,,,80.13,,7649,0.18,0.08012999999999999
2025-08-06T00:02:59.046Z,MOEX,Si-9.25,,,81128,,22767,0.14,81.128
2025-08-06T00:02:59.236Z,MOEX,Si-12.25,,,83962,,1087,0.18,83.962
2025-08-06T00:02:59.425Z,MOEX,Si-3.26,,,86964,,7,0.23,86.964
2025-08-06T00:03:26.771Z,RAPIRA,USDT/RUB,80.95625188104884,80.98,,0.0293345089469495,,,
2025-08-06T00:03:27.498Z,GRINEX,USDT/RUB,80.78,81.01,,0.2847239415697004,,,
2025-08-06T00:03:28.174Z,GRINEX,USDT/A7A5,80.739086846,80.97,,0.285999214284441,,,
2025-08-06T00:03:28.716Z,MOEX,USDRUBF,,,80.13,,7649,0.18,0.08012999999999999
2025-08-06T00:03:28.910Z,MOEX,Si-9.25,,,81128,,22767,0.14,81.128
2025-08-06T00:03:29.103Z,MOEX,Si-12.25,,,83962,,1087,0.18,83.962
2025-08-06T00:03:29.295Z,MOEX,Si-3.26,,,86964,,7,0.23,86.964
2025-08-06T00:03:56.741Z,RAPIRA,USDT/RUB,80.95625188104884,80.98,,0.0293345089469495,,,
2025-08-06T00:03:57.443Z,GRINEX,USDT/RUB,80.78,81.01,,0.2847239415697004,,,
2025-08-06T00:03:58.164Z,GRINEX,USDT/A7A5,80.739086846,80.97,,0.285999214284441,,,
2025-08-06T00:03:58.862Z,MOEX,USDRUBF,,,80.13,,7649,0.18,0.08012999999999999
2025-08-06T00:03:59.054Z,MOEX,Si-9.25,,,81128,,22767,0.14,81.128
2025-08-06T00:03:59.411Z,MOEX,Si-12.25,,,83962,,1087,0.18,83.962
2025-08-06T00:03:59.774Z,MOEX,Si-3.26,,,86964,,7,0.23,86.964
2025-08-06T00:04:26.743Z,RAPIRA,USDT/RUB,80.95625188104884,80.98,,0.0293345089469495,,,
2025-08-06T00:04:27.372Z,GRINEX,USDT/RUB,80.78,81.01,,0.2847239415697004,,,
2025-08-06T00:04:28.078Z,GRINEX,USDT/A7A5,80.739086846,80.97,,0.285999214284441,,,
2025-08-06T00:04:28.609Z,MOEX,USDRUBF,,,80.13,,7649,0.18,0.08012999999999999
2025-08-06T00:04:28.800Z,MOEX,Si-9.25,,,81128,,22767,0.14,81.128
2025-08-06T00:04:29.007Z,MOEX,Si-12.25,,,83962,,1087,0.18,83.962
2025-08-06T00:04:29.202Z,MOEX,Si-3.26,,,86964,,7,0.23,86.964
2025-08-06T00:04:56.873Z,RAPIRA,USDT/RUB,80.95625188104884,80.98,,0.0293345089469495,,,
2025-08-06T00:04:57.590Z,GRINEX,USDT/RUB,80.78,81.01,,0.2847239415697004,,,
2025-08-06T00:04:58.295Z,GRINEX,USDT/A7A5,80.739086846,80.97,,0.285999214284441,,,
2025-08-06T00:04:58.820Z,MOEX,USDRUBF,,,80.13,,7649,0.18,0.08012999999999999
2025-08-06T00:04:59.015Z,MOEX,Si-9.25,,,81128,,22767,0.14,81.128
2025-08-06T00:04:59.209Z,MOEX,Si-12.25,,,83962,,1087,0.18,83.962
2025-08-06T00:04:59.402Z,MOEX,Si-3.26,,,86964,,7,0.23,86.964
2025-08-06T00:05:26.755Z,RAPIRA,USDT/RUB,80.95625188104884,80.98,,0.0293345089469495,,,
2025-08-06T00:05:27.557Z,GRINEX,USDT/RUB,80.78,81.01,,0.2847239415697004,,,
2025-08-06T00:05:28.279Z,GRINEX,USDT/A7A5,80.739086846,80.97,,0.285999214284441,,,
2025-08-06T00:05:28.823Z,MOEX,USDRUBF,,,80.13,,7649,0.18,0.08012999999999999
2025-08-06T00:05:29.015Z,MOEX,Si-9.25,,,81128,,22767,0.14,81.128
2025-08-06T00:05:29.212Z,MOEX,Si-12.25,,,83962,,1087,0.18,83.962
2025-08-06T00:05:29.406Z,MOEX,Si-3.26,,,86964,,7,0.23,86.964
2025-08-06T00:05:56.843Z,RAPIRA,USDT/RUB,80.95625188104884,80.98,,0.0293345089469495,,,
2025-08-06T00:05:57.599Z,GRINEX,USDT/RUB,80.78,81.01,,0.2847239415697004,,,
2025-08-06T00:05:57.901Z,GRINEX,USDT/A7A5,80.739086846,80.97,,0.285999214284441,,,
2025-08-06T00:05:58.450Z,MOEX,USDRUBF,,,80.13,,7649,0.18,0.08012999999999999
2025-08-06T00:05:58.658Z,MOEX,Si-9.25,,,81128,,22767,0.14,81.128
2025-08-06T00:05:58.881Z,MOEX,Si-12.25,,,83962,,1087,0.18,83.962
2025-08-06T00:05:59.079Z,MOEX,Si-3.26,,,86964,,7,0.23,86.964
2025-08-06T00:06:26.716Z,RAPIRA,USDT/RUB,80.95625188104884,80.98,,0.0293345089469495,,,
2025-08-06T00:06:27.482Z,GRINEX,USDT/RUB,80.78,81.01,,0.2847239415697004,,,
2025-08-06T00:06:28.159Z,GRINEX,USDT/A7A5,80.739086846,80.97,,0.285999214284441,,,
2025-08-06T00:06:28.694Z,MOEX,USDRUBF,,,80.13,,7649,0.18,0.08012999999999999
2025-08-06T00:06:28.886Z,MOEX,Si-9.25,,,81128,,22767,0.14,81.128
2025-08-06T00:06:29.076Z,MOEX,Si-12.25,,,83962,,1087,0.18,83.962
2025-08-06T00:06:29.268Z,MOEX,Si-3.26,,,86964,,7,0.23,86.964
2025-08-06T00:06:56.756Z,RAPIRA,USDT/RUB,80.95625188104884,80.98,,0.0293345089469495,,,
2025-08-06T00:06:57.541Z,GRINEX,USDT/RUB,80.78,81.01,,0.2847239415697004,,,
2025-08-06T00:06:58.265Z,GRINEX,USDT/A7A5,80.739086846,80.97,,0.285999214284441,,,
2025-08-06T00:06:58.809Z,MOEX,USDRUBF,,,80.13,,7649,0.18,0.08012999999999999
2025-08-06T00:06:59.001Z,MOEX,Si-9.25,,,81128,,22767,0.14,81.128
2025-08-06T00:06:59.197Z,MOEX,Si-12.25,,,83962,,1087,0.18,83.962
2025-08-06T00:06:59.391Z,MOEX,Si-3.26,,,86964,,7,0.23,86.964
2025-08-06T00:07:26.753Z,RAPIRA,USDT/RUB,80.95625188104884,80.98,,0.0293345089469495,,,
2025-08-06T00:07:27.542Z,GRINEX,USDT/RUB,80.78,81.01,,0.2847239415697004,,,
2025-08-06T00:07:28.221Z,GRINEX,USDT/A7A5,80.739086846,80.97,,0.285999214284441,,,
2025-08-06T00:07:30.987Z,MOEX,USDRUBF,,,80.13,,7649,0.18,0.08012999999999999
2025-08-06T00:07:31.181Z,MOEX,Si-9.25,,,81128,,22767,0.14,81.128
2025-08-06T00:07:31.374Z,MOEX,Si-12.25,,,83962,,1087,0.18,83.962
2025-08-06T00:07:31.566Z,MOEX,Si-3.26,,,86964,,7,0.23,86.964
2025-08-06T00:07:56.709Z,RAPIRA,USDT/RUB,80.95625188104884,80.98,,0.0293345089469495,,,
2025-08-06T00:07:57.460Z,GRINEX,USDT/RUB,80.78,81.01,,0.2847239415697004,,,
2025-08-06T00:07:58.165Z,GRINEX,USDT/A7A5,80.739086846,80.97,,0.285999214284441,,,
2025-08-06T00:07:58.708Z,MOEX,USDRUBF,,,80.13,,7649,0.18,0.08012999999999999
2025-08-06T00:07:58.905Z,MOEX,Si-9.25,,,81128,,22767,0.14,81.128
2025-08-06T00:07:59.100Z,MOEX,Si-12.25,,,83962,,1087,0.18,83.962
2025-08-06T00:07:59.292Z,MOEX,Si-3.26,,,86964,,7,0.23,86.964
2025-08-06T00:08:26.722Z,RAPIRA,USDT/RUB,80.95625188104884,80.98,,0.0293345089469495,,,
2025-08-06T00:08:27.464Z,GRINEX,USDT/RUB,80.78,81.01,,0.2847239415697004,,,
2025-08-06T00:08:27.751Z,GRINEX,USDT/A7A5,80.739086846,80.97,,0.285999214284441,,,
2025-08-06T00:08:28.298Z,MOEX,USDRUBF,,,80.13,,7649,0.18,0.08012999999999999
2025-08-06T00:08:28.491Z,MOEX,Si-9.25,,,81128,,22767,0.14,81.128
2025-08-06T00:08:28.683Z,MOEX,Si-12.25,,,83962,,1087,0.18,83.962
2025-08-06T00:08:28.875Z,MOEX,Si-3.26,,,86964,,7,0.23,86.964
2025-08-06T00:08:56.717Z,RAPIRA,USDT/RUB,80.95625188104884,80.98,,0.0293345089469495,,,
2025-08-06T00:08:57.467Z,GRINEX,USDT/RUB,80.78,81.01,,0.2847239415697004,,,
2025-08-06T00:08:58.207Z,GRINEX,USDT/A7A5,80.739086846,80.97,,0.285999214284441,,,
2025-08-06T00:08:58.755Z,MOEX,USDRUBF,,,80.13,,7649,0.18,0.08012999999999999
2025-08-06T00:08:58.948Z,MOEX,Si-9.25,,,81128,,22767,0.14,81.128
2025-08-06T00:08:59.144Z,MOEX,Si-12.25,,,83962,,1087,0.18,83.962
2025-08-06T00:08:59.343Z,MOEX,Si-3.26,,,86964,,7,0.23,86.964
2025-08-06T00:09:26.711Z,RAPIRA,USDT/RUB,80.95625188104884,80.98,,0.0293345089469495,,,
2025-08-06T00:09:27.708Z,GRINEX,USDT/RUB,80.78,81.01,,0.2847239415697004,,,
2025-08-06T00:09:28.434Z,GRINEX,USDT/A7A5,80.739086846,80.97,,0.285999214284441,,,
2025-08-06T00:09:28.974Z,MOEX,USDRUBF,,,80.13,,7649,0.18,0.08012999999999999
2025-08-06T00:09:29.166Z,MOEX,Si-9.25,,,81128,,22767,0.14,81.128
2025-08-06T00:09:29.359Z,MOEX,Si-12.25,,,83962,,1087,0.18,83.962
2025-08-06T00:09:29.550Z,MOEX,Si-3.26,,,86964,,7,0.23,86.964
2025-08-06T00:09:56.701Z,RAPIRA,USDT/RUB,80.95625188104884,80.98,,0.0293345089469495,,,
2025-08-06T00:09:57.418Z,GRINEX,USDT/RUB,80.78,81.01,,0.2847239415697004,,,
2025-08-06T00:09:58.119Z,GRINEX,USDT/A7A5,80.739086846,80.97,,0.285999214284441,,,
2025-08-06T00:09:58.654Z,MOEX,USDRUBF,,,80.13,,7649,0.18,0.08012999999999999
2025-08-06T00:09:58.852Z,MOEX,Si-9.25,,,81128,,22767,0.14,81.128
2025-08-06T00:09:59.215Z,MOEX,Si-12.25,,,83962,,1087,0.18,83.962
2025-08-06T00:09:59.409Z,MOEX,Si-3.26,,,86964,,7,0.23,86.964
2025-08-06T00:10:26.710Z,RAPIRA,USDT/RUB,80.95625188104884,80.98,,0.0293345089469495,,,
2025-08-06T00:10:27.439Z,GRINEX,USDT/RUB,80.78,81.01,,0.2847239415697004,,,
2025-08-06T00:10:28.158Z,GRINEX,USDT/A7A5,80.739086846,80.97,,0.285999214284441,,,
2025-08-06T00:10:28.703Z,MOEX,USDRUBF,,,80.13,,7649,0.18,0.08012999999999999
2025-08-06T00:10:28.893Z,MOEX,Si-9.25,,,81128,,22767,0.14,81.128
2025-08-06T00:10:29.091Z,MOEX,Si-12.25,,,83962,,1087,0.18,83.962
2025-08-06T00:10:29.281Z,MOEX,Si-3.26,,,86964,,7,0.23,86.964
2025-08-06T00:10:56.708Z,RAPIRA,USDT/RUB,80.95625188104884,80.98,,0.0293345089469495,,,
2025-08-06T00:10:57.487Z,GRINEX,USDT/RUB,80.78,81.01,,0.2847239415697004,,,
2025-08-06T00:10:58.187Z,GRINEX,USDT/A7A5,80.739086846,80.97,,0.285999214284441,,,
2025-08-06T00:10:58.720Z,MOEX,USDRUBF,,,80.13,,7649,0.18,0.08012999999999999
2025-08-06T00:10:58.914Z,MOEX,Si-9.25,,,81128,,22767,0.14,81.128
2025-08-06T00:10:59.106Z,MOEX,Si-12.25,,,83962,,1087,0.18,83.962
2025-08-06T00:10:59.298Z,MOEX,Si-3.26,,,86964,,7,0.23,86.964
2025-08-06T00:11:26.709Z,RAPIRA,USDT/RUB,80.95625188104884,80.98,,0.0293345089469495,,,
2025-08-06T00:11:27.426Z,GRINEX,USDT/RUB,80.78,81.01,,0.2847239415697004,,,
2025-08-06T00:11:27.661Z,GRINEX,USDT/A7A5,80.739086846,80.97,,0.285999214284441,,,
2025-08-06T00:11:28.198Z,MOEX,USDRUBF,,,80.13,,7649,0.18,0.08012999999999999
2025-08-06T00:11:28.387Z,MOEX,Si-9.25,,,81128,,22767,0.14,81.128
2025-08-06T00:11:28.596Z,MOEX,Si-12.25,,,83962,,1087,0.18,83.962
2025-08-06T00:11:28.794Z,MOEX,Si-3.26,,,86964,,7,0.23,86.964
2025-08-06T00:11:56.715Z,RAPIRA,USDT/RUB,80.95625188104884,80.98,,0.0293345089469495,,,
2025-08-06T00:11:57.405Z,GRINEX,USDT/RUB,80.78,81.01,,0.2847239415697004,,,
2025-08-06T00:11:58.090Z,GRINEX,USDT/A7A5,80.739086846,80.97,,0.285999214284441,,,
2025-08-06T00:11:58.625Z,MOEX,USDRUBF,,,80.13,,7649,0.18,0.08012999999999999
2025-08-06T00:11:58.814Z,MOEX,Si-9.25,,,81128,,22767,0.14,81.128
2025-08-06T00:11:59.001Z,MOEX,Si-12.25,,,83962,,1087,0.18,83.962
2025-08-06T00:11:59.949Z,MOEX,Si-3.26,,,86964,,7,0.23,86.964
2025-08-06T00:12:26.880Z,RAPIRA,USDT/RUB,80.95625188104884,80.98,,0.0293345089469495,,,
2025-08-06T00:12:27.588Z,GRINEX,USDT/RUB,80.78,81.01,,0.2847239415697004,,,
2025-08-06T00:12:28.317Z,GRINEX,USDT/A7A5,80.739086846,80.97,,0.285999214284441,,,
2025-08-06T00:12:28.857Z,MOEX,USDRUBF,,,80.13,,7649,0.18,0.08012999999999999
2025-08-06T00:12:29.049Z,MOEX,Si-9.25,,,81128,,22767,0.14,81.128
2025-08-06T00:12:29.240Z,MOEX,Si-12.25,,,83962,,1087,0.18,83.962
2025-08-06T00:12:29.432Z,MOEX,Si-3.26,,,86964,,7,0.23,86.964
2025-08-06T00:12:56.700Z,RAPIRA,USDT/RUB,80.95625188104884,80.98,,0.0293345089469495,,,
2025-08-06T00:12:57.432Z,GRINEX,USDT/RUB,80.78,81.01,,0.2847239415697004,,,
2025-08-06T00:12:58.201Z,GRINEX,USDT/A7A5,80.739086846,80.97,,0.285999214284441,,,
2025-08-06T00:12:58.904Z,MOEX,USDRUBF,,,80.13,,7649,0.18,0.08012999999999999
2025-08-06T00:12:59.092Z,MOEX,Si-9.25,,,81128,,22767,0.14,81.128
2025-08-06T00:12:59.282Z,MOEX,Si-12.25,,,83962,,1087,0.18,83.962
2025-08-06T00:12:59.473Z,MOEX,Si-3.26,,,86964,,7,0.23,86.964
2025-08-06T00:13:26.734Z,RAPIRA,USDT/RUB,80.95625188104884,80.98,,0.0293345089469495,,,
2025-08-06T00:13:27.463Z,GRINEX,USDT/RUB,80.78,81.01,,0.2847239415697004,,,
2025-08-06T00:13:28.146Z,GRINEX,USDT/A7A5,80.739086846,80.97,,0.285999214284441,,,
2025-08-06T00:13:28.687Z,MOEX,USDRUBF,,,80.13,,7649,0.18,0.08012999999999999
2025-08-06T00:13:28.879Z,MOEX,Si-9.25,,,81128,,22767,0.14,81.128
2025-08-06T00:13:29.071Z,MOEX,Si-12.25,,,83962,,1087,0.18,83.962
2025-08-06T00:13:29.264Z,MOEX,Si-3.26,,,86964,,7,0.23,86.964
2025-08-06T00:13:56.731Z,RAPIRA,USDT/RUB,80.95625188104884,80.98,,0.0293345089469495,,,
2025-08-06T00:13:57.468Z,GRINEX,USDT/RUB,80.78,81.01,,0.2847239415697004,,,
2025-08-06T00:13:58.213Z,GRINEX,USDT/A7A5,80.739086846,80.97,,0.285999214284441,,,
2025-08-06T00:13:58.754Z,MOEX,USDRUBF,,,80.13,,7649,0.18,0.08012999999999999
2025-08-06T00:13:59.118Z,MOEX,Si-9.25,,,81128,,22767,0.14,81.128
2025-08-06T00:13:59.316Z,MOEX,Si-12.25,,,83962,,1087,0.18,83.962
2025-08-06T00:13:59.515Z,MOEX,Si-3.26,,,86964,,7,0.23,86.964
2025-08-06T00:14:26.724Z,RAPIRA,USDT/RUB,80.95625188104884,80.98,,0.0293345089469495,,,
2025-08-06T00:14:27.440Z,GRINEX,USDT/RUB,80.78,81.01,,0.2847239415697004,,,
2025-08-06T00:14:28.203Z,GRINEX,USDT/A7A5,80.739086846,80.97,,0.285999214284441,,,
2025-08-06T00:14:28.736Z,MOEX,USDRUBF,,,80.13,,7649,0.18,0.08012999999999999
2025-08-06T00:14:28.927Z,MOEX,Si-9.25,,,81128,,22767,0.14,81.128
2025-08-06T00:14:29.119Z,MOEX,Si-12.25,,,83962,,1087,0.18,83.962
2025-08-06T00:14:29.311Z,MOEX,Si-3.26,,,86964,,7,0.23,86.964
2025-08-06T00:14:56.746Z,RAPIRA,USDT/RUB,80.95625188104884,80.98,,0.0293345089469495,,,
2025-08-06T00:14:57.465Z,GRINEX,USDT/RUB,80.78,81.01,,0.2847239415697004,,,
2025-08-06T00:14:58.188Z,GRINEX,USDT/A7A5,80.739086846,80.97,,0.285999214284441,,,
2025-08-06T00:14:58.735Z,MOEX,USDRUBF,,,80.13,,7649,0.18,0.08012999999999999
2025-08-06T00:14:58.931Z,MOEX,Si-9.25,,,81128,,22767,0.14,81.128
2025-08-06T00:14:59.126Z,MOEX,Si-12.25,,,83962,,1087,0.18,83.962
2025-08-06T00:14:59.320Z,MOEX,Si-3.26,,,86964,,7,0.23,86.964
2025-08-06T00:15:26.747Z,RAPIRA,USDT/RUB,80.95625188104884,80.98,,0.0293345089469495,,,
2025-08-06T00:15:27.556Z,GRINEX,USDT/RUB,80.78,81.01,,0.2847239415697004,,,
2025-08-06T00:15:28.299Z,GRINEX,USDT/A7A5,80.739086846,80.97,,0.285999214284441,,,
2025-08-06T00:15:28.833Z,MOEX,USDRUBF,,,80.13,,7649,0.18,0.08012999999999999
2025-08-06T00:15:29.030Z,MOEX,Si-9.25,,,81128,,22767,0.14,81.128
2025-08-06T00:15:29.221Z,MOEX,Si-12.25,,,83962,,1087,0.18,83.962
2025-08-06T00:15:29.415Z,MOEX,Si-3.26,,,86964,,7,0.23,86.964
2025-08-06T00:15:56.737Z,RAPIRA,USDT/RUB,80.95625188104884,80.98,,0.0293345089469495,,,
2025-08-06T00:15:57.750Z,GRINEX,USDT/RUB,80.78,81.01,,0.2847239415697004,,,
2025-08-06T00:15:58.480Z,GRINEX,USDT/A7A5,80.739086846,80.97,,0.285999214284441,,,
2025-08-06T00:15:59.009Z,MOEX,USDRUBF,,,80.13,,7649,0.18,0.08012999999999999
2025-08-06T00:15:59.201Z,MOEX,Si-9.25,,,81128,,22767,0.14,81.128
2025-08-06T00:15:59.988Z,MOEX,Si-12.25,,,83962,,1087,0.18,83.962
2025-08-06T00:16:00.181Z,MOEX,Si-3.26,,,86964,,7,0.23,86.964
2025-08-06T00:16:26.715Z,RAPIRA,USDT/RUB,80.95625188104884,80.98,,0.0293345089469495,,,
2025-08-06T00:16:27.359Z,GRINEX,USDT/RUB,80.78,81.01,,0.2847239415697004,,,
2025-08-06T00:16:28.030Z,GRINEX,USDT/A7A5,80.739086846,80.97,,0.285999214284441,,,
2025-08-06T00:16:28.564Z,MOEX,USDRUBF,,,80.13,,7649,0.18,0.08012999999999999
2025-08-06T00:16:28.754Z,MOEX,Si-9.25,,,81128,,22767,0.14,81.128
2025-08-06T00:16:28.948Z,MOEX,Si-12.25,,,83962,,1087,0.18,83.962
2025-08-06T00:16:29.308Z,MOEX,Si-3.26,,,86964,,7,0.23,86.964
2025-08-06T00:16:56.746Z,RAPIRA,USDT/RUB,80.95625188104884,80.98,,0.0293345089469495,,,
2025-08-06T00:16:57.464Z,GRINEX,USDT/RUB,80.78,81.01,,0.2847239415697004,,,
2025-08-06T00:16:58.131Z,GRINEX,USDT/A7A5,80.739086846,80.97,,0.285999214284441,,,
2025-08-06T00:16:58.673Z,MOEX,USDRUBF,,,80.13,,7649,0.18,0.08012999999999999
2025-08-06T00:16:58.867Z,MOEX,Si-9.25,,,81128,,22767,0.14,81.128
2025-08-06T00:16:59.059Z,MOEX,Si-12.25,,,83962,,1087,0.18,83.962
2025-08-06T00:16:59.254Z,MOEX,Si-3.26,,,86964,,7,0.23,86.964
2025-08-06T00:17:26.723Z,RAPIRA,USDT/RUB,80.95625188104884,80.98,,0.0293345089469495,,,
2025-08-06T00:17:27.339Z,GRINEX,USDT/RUB,80.78,81.01,,0.2847239415697004,,,
2025-08-06T00:17:28.061Z,GRINEX,USDT/A7A5,80.739086846,80.97,,0.285999214284441,,,
2025-08-06T00:17:28.602Z,MOEX,USDRUBF,,,80.13,,7649,0.18,0.08012999999999999
2025-08-06T00:17:28.966Z,MOEX,Si-9.25,,,81128,,22767,0.14,81.128
2025-08-06T00:17:29.162Z,MOEX,Si-12.25,,,83962,,1087,0.18,83.962
2025-08-06T00:17:29.357Z,MOEX,Si-3.26,,,86964,,7,0.23,86.964
2025-08-06T00:17:56.755Z,RAPIRA,USDT/RUB,80.95625188104884,80.98,,0.0293345089469495,,,
2025-08-06T00:17:57.433Z,GRINEX,USDT/RUB,80.78,81.01,,0.2847239415697004,,,
2025-08-06T00:17:58.164Z,GRINEX,USDT/A7A5,80.739086846,80.97,,0.285999214284441,,,
2025-08-06T00:17:58.729Z,MOEX,USDRUBF,,,80.13,,7649,0.18,0.08012999999999999
2025-08-06T00:17:58.924Z,MOEX,Si-9.25,,,81128,,22767,0.14,81.128
2025-08-06T00:17:59.115Z,MOEX,Si-12.25,,,83962,,1087,0.18,83.962
2025-08-06T00:17:59.314Z,MOEX,Si-3.26,,,86964,,7,0.23,86.964
2025-08-06T00:18:26.780Z,RAPIRA,USDT/RUB,80.95625188104884,80.98,,0.0293345089469495,,,
2025-08-06T00:18:27.530Z,GRINEX,USDT/RUB,80.78,81.01,,0.2847239415697004,,,
2025-08-06T00:18:28.258Z,GRINEX,USDT/A7A5,80.739086846,80.97,,0.285999214284441,,,
2025-08-06T00:18:28.792Z,MOEX,USDRUBF,,,80.13,,7649,0.18,0.08012999999999999
2025-08-06T00:18:28.986Z,MOEX,Si-9.25,,,81128,,22767,0.14,81.128
2025-08-06T00:18:29.179Z,MOEX,Si-12.25,,,83962,,1087,0.18,83.962
2025-08-06T00:18:29.370Z,MOEX,Si-3.26,,,86964,,7,0.23,86.964
2025-08-06T00:18:56.886Z,RAPIRA,USDT/RUB,80.95625188104884,80.98498597832102,,0.03549336413745744,,,
2025-08-06T00:18:57.602Z,GRINEX,USDT/RUB,80.78,81.01,,0.2847239415697004,,,
2025-08-06T00:18:58.268Z,GRINEX,USDT/A7A5,80.739086846,80.97,,0.285999214284441,,,
2025-08-06T00:18:58.803Z,MOEX,USDRUBF,,,80.13,,7649,0.18,0.08012999999999999
2025-08-06T00:18:58.994Z,MOEX,Si-9.25,,,81128,,22767,0.14,81.128
2025-08-06T00:18:59.184Z,MOEX,Si-12.25,,,83962,,1087,0.18,83.962
2025-08-06T00:18:59.377Z,MOEX,Si-3.26,,,86964,,7,0.23,86.964
2025-08-06T00:19:26.752Z,RAPIRA,USDT/RUB,80.95625188104884,80.98523295288264,,0.03579843577291616,,,
2025-08-06T00:19:27.473Z,GRINEX,USDT/RUB,80.78,81.01,,0.2847239415697004,,,
2025-08-06T00:19:28.172Z,GRINEX,USDT/A7A5,80.739086846,80.97,,0.285999214284441,,,
2025-08-06T00:19:28.875Z,MOEX,USDRUBF,,,80.13,,7649,0.18,0.08012999999999999
2025-08-06T00:19:29.236Z,MOEX,Si-9.25,,,81128,,22767,0.14,81.128
2025-08-06T00:19:29.592Z,MOEX,Si-12.25,,,83962,,1087,0.18,83.962
2025-08-06T00:19:29.792Z,MOEX,Si-3.26,,,86964,,7,0.23,86.964
2025-08-06T00:19:56.730Z,RAPIRA,USDT/RUB,80.95625188104884,80.98523295288264,,0.03579843577291616,,,
2025-08-06T00:19:57.466Z,GRINEX,USDT/RUB,80.78,81.01,,0.2847239415697004,,,
2025-08-06T00:19:58.198Z,GRINEX,USDT/A7A5,80.739086846,80.97,,0.285999214284441,,,
2025-08-06T00:19:58.731Z,MOEX,USDRUBF,,,80.13,,7649,0.18,0.08012999999999999
2025-08-06T00:19:58.920Z,MOEX,Si-9.25,,,81128,,22767,0.14,81.128
2025-08-06T00:19:59.112Z,MOEX,Si-12.25,,,83962,,1087,0.18,83.962
2025-08-06T00:19:59.304Z,MOEX,Si-3.26,,,86964,,7,0.23,86.964
2025-08-06T00:20:26.749Z,RAPIRA,USDT/RUB,80.95625188104884,80.98603295288264,,0.03678662381449397,,,
2025-08-06T00:20:27.466Z,GRINEX,USDT/RUB,80.78,81.01,,0.2847239415697004,,,
2025-08-06T00:20:28.744Z,GRINEX,USDT/A7A5,80.739086846,80.97,,0.285999214284441,,,
2025-08-06T00:20:31.756Z,MOEX,USDRUBF,,,80.13,,7649,0.18,0.08012999999999999
2025-08-06T00:20:31.947Z,MOEX,Si-9.25,,,81128,,22767,0.14,81.128
2025-08-06T00:20:32.138Z,MOEX,Si-12.25,,,83962,,1087,0.18,83.962
2025-08-06T00:20:32.329Z,MOEX,Si-3.26,,,86964,,7,0.23,86.964
2025-08-06T00:20:56.696Z,RAPIRA,USDT/RUB,80.95625188104884,80.98603295288264,,0.03678662381449397,,,
2025-08-06T00:20:57.395Z,GRINEX,USDT/RUB,80.78,81.01,,0.2847239415697004,,,
2025-08-06T00:20:58.116Z,GRINEX,USDT/A7A5,80.739086846,80.97,,0.285999214284441,,,
2025-08-06T00:20:58.659Z,MOEX,USDRUBF,,,80.13,,7649,0.18,0.08012999999999999
2025-08-06T00:20:58.849Z,MOEX,Si-9.25,,,81128,,22767,0.14,81.128
2025-08-06T00:20:59.060Z,MOEX,Si-12.25,,,83962,,1087,0.18,83.962
2025-08-06T00:20:59.256Z,MOEX,Si-3.26,,,86964,,7,0.23,86.964
2025-08-06T00:21:26.723Z,RAPIRA,USDT/RUB,80.95625188104884,80.98603295288264,,0.03678662381449397,,,
2025-08-06T00:21:27.447Z,GRINEX,USDT/RUB,80.78,81.01,,0.2847239415697004,,,
2025-08-06T00:21:28.235Z,GRINEX,USDT/A7A5,80.739086846,80.97,,0.285999214284441,,,
2025-08-06T00:21:28.768Z,MOEX,USDRUBF,,,80.13,,7649,0.18,0.08012999999999999
2025-08-06T00:21:28.960Z,MOEX,Si-9.25,,,81128,,22767,0.14,81.128
2025-08-06T00:21:29.149Z,MOEX,Si-12.25,,,83962,,1087,0.18,83.962
2025-08-06T00:21:29.342Z,MOEX,Si-3.26,,,86964,,7,0.23,86.964
2025-08-06T00:21:56.726Z,RAPIRA,USDT/RUB,80.95353924904884,80.9861369008204,,0.04026711132575487,,,
2025-08-06T00:21:57.440Z,GRINEX,USDT/RUB,80.78,81.01,,0.2847239415697004,,,
2025-08-06T00:21:58.112Z,GRINEX,USDT/A7A5,80.739086846,80.97,,0.285999214284441,,,
2025-08-06T00:21:58.800Z,MOEX,USDRUBF,,,80.13,,7649,0.18,0.08012999999999999
2025-08-06T00:21:58.987Z,MOEX,Si-9.25,,,81128,,22767,0.14,81.128
2025-08-06T00:21:59.176Z,MOEX,Si-12.25,,,83962,,1087,0.18,83.962
2025-08-06T00:21:59.366Z,MOEX,Si-3.26,,,86964,,7,0.23,86.964
2025-08-06T00:22:26.702Z,RAPIRA,USDT/RUB,80.95353924904884,80.98770765903231,,0.0422074319423491,,,
2025-08-06T00:22:27.573Z,GRINEX,USDT/RUB,80.78,81.01,,0.2847239415697004,,,
2025-08-06T00:22:28.299Z,GRINEX,USDT/A7A5,80.739086846,80.97,,0.285999214284441,,,
2025-08-06T00:22:28.840Z,MOEX,USDRUBF,,,80.13,,7649,0.18,0.08012999999999999
2025-08-06T00:22:29.031Z,MOEX,Si-9.25,,,81128,,22767,0.14,81.128
2025-08-06T00:22:29.226Z,MOEX,Si-12.25,,,83962,,1087,0.18,83.962
2025-08-06T00:22:29.415Z,MOEX,Si-3.26,,,86964,,7,0.23,86.964
2025-08-06T00:22:56.741Z,RAPIRA,USDT/RUB,80.95353924904884,80.98770765903231,,0.0422074319423491,,,
2025-08-06T00:22:57.459Z,GRINEX,USDT/RUB,80.78,81.01,,0.2847239415697004,,,
2025-08-06T00:22:58.173Z,GRINEX,USDT/A7A5,80.739086846,80.97,,0.285999214284441,,,
2025-08-06T00:22:58.707Z,MOEX,USDRUBF,,,80.13,,7649,0.18,0.08012999999999999
2025-08-06T00:22:58.896Z,MOEX,Si-9.25,,,81128,,22767,0.14,81.128
2025-08-06T00:22:59.089Z,MOEX,Si-12.25,,,83962,,1087,0.18,83.962
2025-08-06T00:22:59.279Z,MOEX,Si-3.26,,,86964,,7,0.23,86.964
2025-08-06T00:23:26.765Z,RAPIRA,USDT/RUB,80.95353924904884,80.98770765903231,,0.0422074319423491,,,
2025-08-06T00:23:27.488Z,GRINEX,USDT/RUB,80.78,81.01,,0.2847239415697004,,,
2025-08-06T00:23:28.212Z,GRINEX,USDT/A7A5,80.739086846,80.97,,0.285999214284441,,,
2025-08-06T00:23:28.775Z,MOEX,USDRUBF,,,80.13,,7649,0.18,0.08012999999999999
2025-08-06T00:23:28.965Z,MOEX,Si-9.25,,,81128,,22767,0.14,81.128
2025-08-06T00:23:29.157Z,MOEX,Si-12.25,,,83962,,1087,0.18,83.962
2025-08-06T00:23:29.347Z,MOEX,Si-3.26,,,86964,,7,0.23,86.964
2025-08-06T00:23:56.729Z,RAPIRA,USDT/RUB,80.95353924904884,80.98934263063023,,0.044227073841998775,,,
2025-08-06T00:23:57.478Z,GRINEX,USDT/RUB,80.78,81.01,,0.2847239415697004,,,
2025-08-06T00:23:58.230Z,GRINEX,USDT/A7A5,80.739086846,80.97,,0.285999214284441,,,
2025-08-06T00:23:58.771Z,MOEX,USDRUBF,,,80.13,,7649,0.18,0.08012999999999999
2025-08-06T00:23:58.961Z,MOEX,Si-9.25,,,81128,,22767,0.14,81.128
2025-08-06T00:23:59.153Z,MOEX,Si-12.25,,,83962,,1087,0.18,83.962
2025-08-06T00:23:59.348Z,MOEX,Si-3.26,,,86964,,7,0.23,86.964
2025-08-06T00:24:26.765Z,RAPIRA,USDT/RUB,80.95410381884012,80.98934263063023,,0.04352937050475702,,,
2025-08-06T00:24:27.414Z,GRINEX,USDT/RUB,80.78,81.01,,0.2847239415697004,,,
2025-08-06T00:24:28.110Z,GRINEX,USDT/A7A5,80.739086846,80.97,,0.285999214284441,,,
2025-08-06T00:24:28.656Z,MOEX,USDRUBF,,,80.13,,7649,0.18,0.08012999999999999
2025-08-06T00:24:28.850Z,MOEX,Si-9.25,,,81128,,22767,0.14,81.128
2025-08-06T00:24:29.047Z,MOEX,Si-12.25,,,83962,,1087,0.18,83.962
2025-08-06T00:24:29.239Z,MOEX,Si-3.26,,,86964,,7,0.23,86.964
2025-08-06T00:25:26.738Z,RAPIRA,USDT/RUB,80.95410381884012,80.98934263063023,,0.04352937050475702,,,
2025-08-06T00:25:27.462Z,GRINEX,USDT/RUB,80.78,81.01,,0.2847239415697004,,,
2025-08-06T00:25:28.141Z,GRINEX,USDT/A7A5,80.739086846,80.97,,0.285999214284441,,,
2025-08-06T00:25:28.679Z,MOEX,USDRUBF,,,80.13,,7649,0.18,0.08012999999999999
2025-08-06T00:25:28.871Z,MOEX,Si-9.25,,,81128,,22767,0.14,81.128
2025-08-06T00:25:29.059Z,MOEX,Si-12.25,,,83962,,1087,0.18,83.962
2025-08-06T00:25:29.253Z,MOEX,Si-3.26,,,86964,,7,0.23,86.964
2025-08-06T00:25:56.765Z,RAPIRA,USDT/RUB,80.95410381884012,80.98934263063023,,0.04352937050475702,,,
2025-08-06T00:25:57.549Z,GRINEX,USDT/RUB,80.78,81.01,,0.2847239415697004,,,
2025-08-06T00:25:58.270Z,GRINEX,USDT/A7A5,80.739086846,80.97,,0.285999214284441,,,
2025-08-06T00:25:58.808Z,MOEX,USDRUBF,,,80.13,,7649,0.18,0.08012999999999999
2025-08-06T00:25:58.996Z,MOEX,Si-9.25,,,81128,,22767,0.14,81.128
2025-08-06T00:25:59.191Z,MOEX,Si-12.25,,,83962,,1087,0.18,83.962
2025-08-06T00:25:59.379Z,MOEX,Si-3.26,,,86964,,7,0.23,86.964
2025-08-06T00:26:26.723Z,RAPIRA,USDT/RUB,80.95353924904884,80.98934263063023,,0.044227073841998775,,,
2025-08-06T00:26:27.445Z,GRINEX,USDT/RUB,80.78,81.01,,0.2847239415697004,,,
2025-08-06T00:26:28.189Z,GRINEX,USDT/A7A5,80.739086846,80.97,,0.285999214284441,,,
2025-08-06T00:26:28.729Z,MOEX,USDRUBF,,,80.13,,7649,0.18,0.08012999999999999
2025-08-06T00:26:28.920Z,MOEX,Si-9.25,,,81128,,22767,0.14,81.128
2025-08-06T00:26:29.110Z,MOEX,Si-12.25,,,83962,,1087,0.18,83.962
2025-08-06T00:26:29.303Z,MOEX,Si-3.26,,,86964,,7,0.23,86.964
2025-08-06T00:24:56.720Z,RAPIRA,USDT/RUB,80.95410381884012,80.98934263063023,,0.04352937050475702,,,
2025-08-06T00:24:57.464Z,GRINEX,USDT/RUB,80.78,81.01,,0.2847239415697004,,,
2025-08-06T00:26:38.370Z,MOEX,USDRUBF,,,80.13,,7649,0.18,0.08012999999999999
2025-08-06T00:26:38.560Z,MOEX,Si-9.25,,,81128,,22767,0.14,81.128
2025-08-06T00:26:38.736Z,MOEX,Si-12.25,,,83962,,1087,0.18,83.962
2025-08-06T00:26:38.915Z,MOEX,Si-3.26,,,86964,,7,0.23,86.964
2025-08-06T00:26:56.738Z,RAPIRA,USDT/RUB,80.95353924904884,80.9896248806673,,0.04457573066377344,,,
2025-08-06T00:26:57.071Z,GRINEX,USDT/RUB,80.78,81.01,,0.2847239415697004,,,
2025-08-06T00:26:57.808Z,GRINEX,USDT/A7A5,80.739086846,80.97,,0.285999214284441,,,
2025-08-06T00:26:58.336Z,MOEX,USDRUBF,,,80.13,,7649,0.18,0.08012999999999999
2025-08-06T00:26:58.530Z,MOEX,Si-9.25,,,81128,,22767,0.14,81.128
2025-08-06T00:26:58.731Z,MOEX,Si-12.25,,,83962,,1087,0.18,83.962
2025-08-06T00:26:58.928Z,MOEX,Si-3.26,,,86964,,7,0.23,86.964
2025-08-06T00:27:26.752Z,RAPIRA,USDT/RUB,80.95353924904884,80.9896248806673,,0.04457573066377344,,,
2025-08-06T00:27:27.721Z,GRINEX,USDT/RUB,80.78,81.01,,0.2847239415697004,,,
2025-08-06T00:27:28.421Z,GRINEX,USDT/A7A5,80.739086846,80.97,,0.285999214284441,,,
2025-08-06T00:27:28.947Z,MOEX,USDRUBF,,,80.13,,7649,0.18,0.08012999999999999
2025-08-06T00:27:29.142Z,MOEX,Si-9.25,,,81128,,22767,0.14,81.128
2025-08-06T00:27:29.338Z,MOEX,Si-12.25,,,83962,,1087,0.18,83.962
2025-08-06T00:27:29.533Z,MOEX,Si-3.26,,,86964,,7,0.23,86.964
2025-08-06T00:27:56.717Z,RAPIRA,USDT/RUB,80.95353924904884,80.9896248806673,,0.04457573066377344,,,
2025-08-06T00:27:57.422Z,GRINEX,USDT/RUB,80.78,81.01,,0.2847239415697004,,,
2025-08-06T00:27:58.138Z,GRINEX,USDT/A7A5,80.739086846,80.97,,0.285999214284441,,,
2025-08-06T00:27:58.664Z,MOEX,USDRUBF,,,80.13,,7649,0.18,0.08012999999999999
2025-08-06T00:27:58.860Z,MOEX,Si-9.25,,,81128,,22767,0.14,81.128
2025-08-06T00:27:59.051Z,MOEX,Si-12.25,,,83962,,1087,0.18,83.962
2025-08-06T00:27:59.246Z,MOEX,Si-3.26,,,86964,,7,0.23,86.964
2025-08-06T00:28:26.774Z,RAPIRA,USDT/RUB,80.95353924904884,80.9896248806673,,0.04457573066377344,,,
2025-08-06T00:28:27.493Z,GRINEX,USDT/RUB,80.78,81.01,,0.2847239415697004,,,
2025-08-06T00:28:28.342Z,GRINEX,USDT/A7A5,80.739086846,80.97,,0.285999214284441,,,
2025-08-06T00:28:28.871Z,MOEX,USDRUBF,,,80.13,,7649,0.18,0.08012999999999999
2025-08-06T00:28:29.063Z,MOEX,Si-9.25,,,81128,,22767,0.14,81.128
2025-08-06T00:28:29.261Z,MOEX,Si-12.25,,,83962,,1087,0.18,83.962
2025-08-06T00:28:29.455Z,MOEX,Si-3.26,,,86964,,7,0.23,86.964
2025-08-06T00:28:56.745Z,RAPIRA,USDT/RUB,80.95353924904884,80.9896248806673,,0.04457573066377344,,,
2025-08-06T00:28:57.470Z,GRINEX,USDT/RUB,80.78,81.01,,0.2847239415697004,,,
2025-08-06T00:28:58.212Z,GRINEX,USDT/A7A5,80.739086846,80.97,,0.285999214284441,,,
2025-08-06T00:28:58.737Z,MOEX,USDRUBF,,,80.13,,7649,0.18,0.08012999999999999
2025-08-06T00:28:58.935Z,MOEX,Si-9.25,,,81128,,22767,0.14,81.128
2025-08-06T00:28:59.135Z,MOEX,Si-12.25,,,83962,,1087,0.18,83.962
2025-08-06T00:28:59.333Z,MOEX,Si-3.26,,,86964,,7,0.23,86.964
2025-08-06T00:29:26.720Z,RAPIRA,USDT/RUB,80.95353924904884,80.9896248806673,,0.04457573066377344,,,
2025-08-06T00:29:27.423Z,GRINEX,USDT/RUB,80.78,81.01,,0.2847239415697004,,,
2025-08-06T00:29:28.369Z,GRINEX,USDT/A7A5,80.739086846,80.97,,0.285999214284441,,,
2025-08-06T00:29:28.886Z,MOEX,USDRUBF,,,80.13,,7649,0.18,0.08012999999999999
2025-08-06T00:29:29.075Z,MOEX,Si-9.25,,,81128,,22767,0.14,81.128
2025-08-06T00:29:29.268Z,MOEX,Si-12.25,,,83962,,1087,0.18,83.962
2025-08-06T00:29:29.455Z,MOEX,Si-3.26,,,86964,,7,0.23,86.964
2025-08-06T00:29:56.767Z,RAPIRA,USDT/RUB,80.95353924904884,80.9896248806673,,0.04457573066377344,,,
2025-08-06T00:29:57.536Z,GRINEX,USDT/RUB,80.78,81.01,,0.2847239415697004,,,
2025-08-06T00:29:58.280Z,GRINEX,USDT/A7A5,80.739086846,80.97,,0.285999214284441,,,
2025-08-06T00:29:58.804Z,MOEX,USDRUBF,,,80.13,,7649,0.18,0.08012999999999999
2025-08-06T00:29:58.993Z,MOEX,Si-9.25,,,81128,,22767,0.14,81.128
2025-08-06T00:29:59.184Z,MOEX,Si-12.25,,,83962,,1087,0.18,83.962
2025-08-06T00:29:59.374Z,MOEX,Si-3.26,,,86964,,7,0.23,86.964
2025-08-06T00:30:26.757Z,RAPIRA,USDT/RUB,80.95322858504883,80.99050868368037,,0.046051404351804145,,,
2025-08-06T00:30:27.723Z,GRINEX,USDT/RUB,80.78,81.01,,0.2847239415697004,,,
2025-08-06T00:30:28.472Z,GRINEX,USDT/A7A5,80.739086846,80.97,,0.285999214284441,,,
2025-08-06T00:30:29.001Z,MOEX,USDRUBF,,,80.13,,7649,0.18,0.08012999999999999
2025-08-06T00:30:29.195Z,MOEX,Si-9.25,,,81128,,22767,0.14,81.128
2025-08-06T00:30:29.393Z,MOEX,Si-12.25,,,83962,,1087,0.18,83.962
2025-08-06T00:30:29.586Z,MOEX,Si-3.26,,,86964,,7,0.23,86.964
2025-08-06T00:30:56.762Z,RAPIRA,USDT/RUB,80.95322858504883,80.99050868368037,,0.046051404351804145,,,
2025-08-06T00:30:57.487Z,GRINEX,USDT/RUB,80.78,81,,0.272344639762316,,,
2025-08-06T00:30:58.183Z,GRINEX,USDT/A7A5,80.739086846,80.97,,0.285999214284441,,,
2025-08-06T00:30:58.701Z,MOEX,USDRUBF,,,80.13,,7649,0.18,0.08012999999999999
2025-08-06T00:30:58.898Z,MOEX,Si-9.25,,,81128,,22767,0.14,81.128
2025-08-06T00:30:59.093Z,MOEX,Si-12.25,,,83962,,1087,0.18,83.962
2025-08-06T00:30:59.452Z,MOEX,Si-3.26,,,86964,,7,0.23,86.964
2025-08-06T00:31:26.915Z,RAPIRA,USDT/RUB,80.95322858504883,80.99171105819259,,0.047536674962048706,,,
2025-08-06T00:31:27.786Z,GRINEX,USDT/RUB,80.78,81,,0.272344639762316,,,
2025-08-06T00:31:28.668Z,GRINEX,USDT/A7A5,80.739086846,80.97,,0.285999214284441,,,
2025-08-06T00:31:29.183Z,MOEX,USDRUBF,,,80.13,,7649,0.18,0.08012999999999999
2025-08-06T00:31:29.375Z,MOEX,Si-9.25,,,81128,,22767,0.14,81.128
2025-08-06T00:31:29.565Z,MOEX,Si-12.25,,,83962,,1087,0.18,83.962
2025-08-06T00:31:29.759Z,MOEX,Si-3.26,,,86964,,7,0.23,86.964
2025-08-06T00:32:26.751Z,RAPIRA,USDT/RUB,80.95322858504883,80.99171105819259,,0.047536674962048706,,,
2025-08-06T00:32:27.554Z,GRINEX,USDT/RUB,80.78,81,,0.272344639762316,,,
2025-08-06T00:32:28.410Z,GRINEX,USDT/A7A5,80.739086846,80.97,,0.285999214284441,,,
2025-08-06T00:32:28.932Z,MOEX,USDRUBF,,,80.13,,7649,0.18,0.08012999999999999
2025-08-06T00:32:29.124Z,MOEX,Si-9.25,,,81128,,22767,0.14,81.128
2025-08-06T00:32:29.332Z,MOEX,Si-12.25,,,83962,,1087,0.18,83.962
2025-08-06T00:32:29.522Z,MOEX,Si-3.26,,,86964,,7,0.23,86.964
2025-08-06T00:32:56.752Z,RAPIRA,USDT/RUB,80.95322858504883,80.99171105819259,,0.047536674962048706,,,
2025-08-06T00:32:57.522Z,GRINEX,USDT/RUB,80.78,81,,0.272344639762316,,,
2025-08-06T00:32:58.209Z,GRINEX,USDT/A7A5,80.739086846,80.97,,0.285999214284441,,,
2025-08-06T00:32:58.723Z,MOEX,USDRUBF,,,80.13,,7649,0.18,0.08012999999999999
2025-08-06T00:32:58.922Z,MOEX,Si-9.25,,,81128,,22767,0.14,81.128
2025-08-06T00:32:59.114Z,MOEX,Si-12.25,,,83962,,1087,0.18,83.962
2025-08-06T00:32:59.307Z,MOEX,Si-3.26,,,86964,,7,0.23,86.964
2025-08-06T00:33:26.738Z,RAPIRA,USDT/RUB,80.95322858504883,80.99171105819259,,0.047536674962048706,,,
2025-08-06T00:33:27.453Z,GRINEX,USDT/RUB,80.78,81,,0.272344639762316,,,
2025-08-06T00:33:28.303Z,GRINEX,USDT/A7A5,80.739086846,80.97,,0.285999214284441,,,
2025-08-06T00:33:31.051Z,MOEX,USDRUBF,,,80.13,,7649,0.18,0.08012999999999999
2025-08-06T00:33:31.246Z,MOEX,Si-9.25,,,81128,,22767,0.14,81.128
2025-08-06T00:33:31.442Z,MOEX,Si-12.25,,,83962,,1087,0.18,83.962
2025-08-06T00:33:31.637Z,MOEX,Si-3.26,,,86964,,7,0.23,86.964
2025-08-06T00:31:56.740Z,RAPIRA,USDT/RUB,80.95322858504883,80.99171105819259,,0.047536674962048706,,,
2025-08-06T00:33:37.914Z,GRINEX,USDT/A7A5,80.739086846,80.97,,0.285999214284441,,,
2025-08-06T00:33:38.435Z,MOEX,USDRUBF,,,80.13,,7649,0.18,0.08012999999999999
2025-08-06T00:33:38.631Z,MOEX,Si-9.25,,,81128,,22767,0.14,81.128
2025-08-06T00:33:38.824Z,MOEX,Si-12.25,,,83962,,1087,0.18,83.962
2025-08-06T00:33:39.016Z,MOEX,Si-3.26,,,86964,,7,0.23,86.964
2025-08-06T00:33:56.782Z,RAPIRA,USDT/RUB,80.95322858504883,80.99171105819259,,0.047536674962048706,,,
2025-08-06T00:33:57.747Z,GRINEX,USDT/RUB,80.78,81,,0.272344639762316,,,
2025-08-06T00:33:58.490Z,GRINEX,USDT/A7A5,80.739086846,80.97,,0.285999214284441,,,
2025-08-06T00:33:59.014Z,MOEX,USDRUBF,,,80.13,,7649,0.18,0.08012999999999999
2025-08-06T00:33:59.376Z,MOEX,Si-9.25,,,81128,,22767,0.14,81.128
2025-08-06T00:33:59.568Z,MOEX,Si-12.25,,,83962,,1087,0.18,83.962
2025-08-06T00:33:59.772Z,MOEX,Si-3.26,,,86964,,7,0.23,86.964
2025-08-06T00:34:56.754Z,RAPIRA,USDT/RUB,80.95291123304885,80.99171105819259,,0.04792888180641609,,,
2025-08-06T00:34:58.507Z,GRINEX,USDT/RUB,80.78,81,,0.272344639762316,,,
2025-08-06T00:34:58.858Z,GRINEX,USDT/A7A5,80.739086846,80.97,,0.285999214284441,,,
2025-08-06T00:34:59.463Z,MOEX,USDRUBF,,,80.13,,7649,0.18,0.08012999999999999
2025-08-06T00:34:59.656Z,MOEX,Si-9.25,,,81128,,22767,0.14,81.128
2025-08-06T00:34:59.867Z,MOEX,Si-12.25,,,83962,,1087,0.18,83.962
2025-08-06T00:35:00.083Z,MOEX,Si-3.26,,,86964,,7,0.23,86.964
2025-08-06T00:35:26.746Z,RAPIRA,USDT/RUB,80.95291123304885,80.99171105819259,,0.04792888180641609,,,
2025-08-06T00:35:27.481Z,GRINEX,USDT/RUB,80.78,81,,0.272344639762316,,,
2025-08-06T00:35:28.367Z,GRINEX,USDT/A7A5,80.739086846,80.97,,0.285999214284441,,,
2025-08-06T00:35:28.888Z,MOEX,USDRUBF,,,80.13,,7649,0.18,0.08012999999999999
2025-08-06T00:35:29.080Z,MOEX,Si-9.25,,,81128,,22767,0.14,81.128
2025-08-06T00:35:29.277Z,MOEX,Si-12.25,,,83962,,1087,0.18,83.962
2025-08-06T00:35:29.467Z,MOEX,Si-3.26,,,86964,,7,0.23,86.964
2025-08-06T00:35:56.783Z,RAPIRA,USDT/RUB,80.95291123304885,80.99171846742945,,0.047938034333168955,,,
2025-08-06T00:35:57.497Z,GRINEX,USDT/RUB,80.78,81,,0.272344639762316,,,
2025-08-06T00:35:58.238Z,GRINEX,USDT/A7A5,80.739086846,80.97,,0.285999214284441,,,
2025-08-06T00:35:58.766Z,MOEX,USDRUBF,,,80.13,,7649,0.18,0.08012999999999999
2025-08-06T00:35:58.957Z,MOEX,Si-9.25,,,81128,,22767,0.14,81.128
2025-08-06T00:35:59.151Z,MOEX,Si-12.25,,,83962,,1087,0.18,83.962
2025-08-06T00:35:59.341Z,MOEX,Si-3.26,,,86964,,7,0.23,86.964
2025-08-06T00:34:26.759Z,RAPIRA,USDT/RUB,80.95322858504883,80.99171105819259,,0.047536674962048706,,,
2025-08-06T00:36:07.861Z,GRINEX,USDT/A7A5,80.739086846,80.97,,0.285999214284441,,,
2025-08-06T00:36:08.396Z,MOEX,USDRUBF,,,80.13,,7649,0.18,0.08012999999999999
2025-08-06T00:36:08.568Z,MOEX,Si-9.25,,,81128,,22767,0.14,81.128
2025-08-06T00:36:08.751Z,MOEX,Si-12.25,,,83962,,1087,0.18,83.962
2025-08-06T00:36:08.928Z,MOEX,Si-3.26,,,86964,,7,0.23,86.964
2025-08-06T00:36:26.748Z,RAPIRA,USDT/RUB,80.95291123304885,80.99173057901255,,0.04795299560252798,,,
2025-08-06T00:36:27.470Z,GRINEX,USDT/RUB,80.78,81,,0.272344639762316,,,
2025-08-06T00:36:28.206Z,GRINEX,USDT/A7A5,80.739086846,80.97,,0.285999214284441,,,
2025-08-06T00:36:28.737Z,MOEX,USDRUBF,,,80.13,,7649,0.18,0.08012999999999999
2025-08-06T00:36:29.099Z,MOEX,Si-9.25,,,81128,,22767,0.14,81.128
2025-08-06T00:36:29.297Z,MOEX,Si-12.25,,,83962,,1087,0.18,83.962
2025-08-06T00:36:29.489Z,MOEX,Si-3.26,,,86964,,7,0.23,86.964
2025-08-06T00:36:56.747Z,RAPIRA,USDT/RUB,80.95291123304885,80.99217513322348,,0.04850214720703258,,,
2025-08-06T00:36:57.475Z,GRINEX,USDT/RUB,80.78,81,,0.272344639762316,,,
2025-08-06T00:36:58.428Z,GRINEX,USDT/A7A5,80.739086846,80.97,,0.285999214284441,,,
2025-08-06T00:36:58.957Z,MOEX,USDRUBF,,,80.13,,7649,0.18,0.08012999999999999
2025-08-06T00:36:59.154Z,MOEX,Si-9.25,,,81128,,22767,0.14,81.128
2025-08-06T00:36:59.345Z,MOEX,Si-12.25,,,83962,,1087,0.18,83.962
2025-08-06T00:36:59.536Z,MOEX,Si-3.26,,,86964,,7,0.23,86.964
2025-08-06T00:37:26.758Z,RAPIRA,USDT/RUB,80.95291123304885,80.99217513322348,,0.04850214720703258,,,
2025-08-06T00:37:27.403Z,GRINEX,USDT/RUB,80.78,81,,0.272344639762316,,,
2025-08-06T00:37:28.363Z,GRINEX,USDT/A7A5,80.739086846,80.97,,0.285999214284441,,,
2025-08-06T00:37:28.918Z,MOEX,USDRUBF,,,80.13,,7649,0.18,0.08012999999999999
2025-08-06T00:37:29.110Z,MOEX,Si-9.25,,,81128,,22767,0.14,81.128
2025-08-06T00:37:29.303Z,MOEX,Si-12.25,,,83962,,1087,0.18,83.962
2025-08-06T00:37:29.495Z,MOEX,Si-3.26,,,86964,,7,0.23,86.964
2025-08-06T00:37:56.785Z,RAPIRA,USDT/RUB,80.95291123304885,80.99218530724175,,0.04851471502963025,,,
2025-08-06T00:37:57.712Z,GRINEX,USDT/RUB,80.78,81,,0.272344639762316,,,
2025-08-06T00:37:58.462Z,GRINEX,USDT/A7A5,80.739086846,80.97,,0.285999214284441,,,
2025-08-06T00:37:59.017Z,MOEX,USDRUBF,,,80.13,,7649,0.18,0.08012999999999999
2025-08-06T00:37:59.212Z,MOEX,Si-9.25,,,81128,,22767,0.14,81.128
2025-08-06T00:37:59.409Z,MOEX,Si-12.25,,,83962,,1087,0.18,83.962
2025-08-06T00:37:59.600Z,MOEX,Si-3.26,,,86964,,7,0.23,86.964
2025-08-06T00:38:26.768Z,RAPIRA,USDT/RUB,80.95291123304885,80.99218530724175,,0.04851471502963025,,,
2025-08-06T00:38:27.591Z,GRINEX,USDT/RUB,80.78,81,,0.272344639762316,,,
2025-08-06T00:38:28.378Z,GRINEX,USDT/A7A5,80.739086846,80.97,,0.285999214284441,,,
2025-08-06T00:38:28.915Z,MOEX,USDRUBF,,,80.13,,7649,0.18,0.08012999999999999
2025-08-06T00:38:29.106Z,MOEX,Si-9.25,,,81128,,22767,0.14,81.128
2025-08-06T00:38:29.896Z,MOEX,Si-12.25,,,83962,,1087,0.18,83.962
2025-08-06T00:38:30.087Z,MOEX,Si-3.26,,,86964,,7,0.23,86.964
2025-08-06T00:38:56.734Z,RAPIRA,USDT/RUB,80.95291123304885,80.99218530724175,,0.04851471502963025,,,
2025-08-06T00:38:57.459Z,GRINEX,USDT/RUB,80.78,81,,0.272344639762316,,,
2025-08-06T00:38:57.702Z,GRINEX,USDT/A7A5,80.739086846,80.97,,0.285999214284441,,,
2025-08-06T00:38:58.243Z,MOEX,USDRUBF,,,80.13,,7649,0.18,0.08012999999999999
2025-08-06T00:38:58.447Z,MOEX,Si-9.25,,,81128,,22767,0.14,81.128
2025-08-06T00:38:58.651Z,MOEX,Si-12.25,,,83962,,1087,0.18,83.962
2025-08-06T00:38:58.862Z,MOEX,Si-3.26,,,86964,,7,0.23,86.964
2025-08-06T00:39:26.768Z,RAPIRA,USDT/RUB,80.95291123304885,80.99218530724175,,0.04851471502963025,,,
2025-08-06T00:39:27.406Z,GRINEX,USDT/RUB,80.78,81,,0.272344639762316,,,
2025-08-06T00:39:28.136Z,GRINEX,USDT/A7A5,80.739086846,80.97,,0.285999214284441,,,
2025-08-06T00:39:28.671Z,MOEX,USDRUBF,,,80.13,,7649,0.18,0.08012999999999999
2025-08-06T00:39:29.035Z,MOEX,Si-9.25,,,81128,,22767,0.14,81.128
2025-08-06T00:39:29.232Z,MOEX,Si-12.25,,,83962,,1087,0.18,83.962
2025-08-06T00:39:29.426Z,MOEX,Si-3.26,,,86964,,7,0.23,86.964
2025-08-06T00:39:56.750Z,RAPIRA,USDT/RUB,80.95291123304885,80.99218530724175,,0.04851471502963025,,,
2025-08-06T00:39:57.373Z,GRINEX,USDT/RUB,80.78,81,,0.272344639762316,,,
2025-08-06T00:39:58.137Z,GRINEX,USDT/A7A5,80.739086846,80.97,,0.285999214284441,,,
2025-08-06T00:39:58.667Z,MOEX,USDRUBF,,,80.13,,7649,0.18,0.08012999999999999
2025-08-06T00:39:58.856Z,MOEX,Si-9.25,,,81128,,22767,0.14,81.128
2025-08-06T00:39:59.046Z,MOEX,Si-12.25,,,83962,,1087,0.18,83.962
2025-08-06T00:39:59.240Z,MOEX,Si-3.26,,,86964,,7,0.23,86.964
2025-08-06T00:40:26.775Z,RAPIRA,USDT/RUB,80.95291123304885,80.99298530724175,,0.049502943850327115,,,
2025-08-06T00:40:27.490Z,GRINEX,USDT/RUB,80.78,81,,0.272344639762316,,,
2025-08-06T00:40:28.203Z,GRINEX,USDT/A7A5,80.739086846,80.97,,0.285999214284441,,,
2025-08-06T00:40:28.929Z,MOEX,USDRUBF,,,80.13,,7649,0.18,0.08012999999999999
2025-08-06T00:40:29.295Z,MOEX,Si-9.25,,,81128,,22767,0.14,81.128
2025-08-06T00:40:29.488Z,MOEX,Si-12.25,,,83962,,1087,0.18,83.962
2025-08-06T00:40:29.683Z,MOEX,Si-3.26,,,86964,,7,0.23,86.964
2025-08-06T00:40:56.782Z,RAPIRA,USDT/RUB,80.95291123304885,80.99298530724175,,0.049502943850327115,,,
2025-08-06T00:40:57.534Z,GRINEX,USDT/RUB,80.78,81,,0.272344639762316,,,
2025-08-06T00:40:58.252Z,GRINEX,USDT/A7A5,80.739086846,80.97,,0.285999214284441,,,
2025-08-06T00:40:58.799Z,MOEX,USDRUBF,,,80.13,,7649,0.18,0.08012999999999999
2025-08-06T00:40:58.997Z,MOEX,Si-9.25,,,81128,,22767,0.14,81.128
2025-08-06T00:40:59.190Z,MOEX,Si-12.25,,,83962,,1087,0.18,83.962
2025-08-06T00:40:59.384Z,MOEX,Si-3.26,,,86964,,7,0.23,86.964
2025-08-06T00:41:26.751Z,RAPIRA,USDT/RUB,80.95291123304885,80.99298530724175,,0.049502943850327115,,,
2025-08-06T00:41:27.640Z,GRINEX,USDT/RUB,80.78,81,,0.272344639762316,,,
2025-08-06T00:41:28.371Z,GRINEX,USDT/A7A5,80.739086846,80.97,,0.285999214284441,,,
2025-08-06T00:41:28.923Z,MOEX,USDRUBF,,,80.13,,7649,0.18,0.08012999999999999
2025-08-06T00:41:29.119Z,MOEX,Si-9.25,,,81128,,22767,0.14,81.128
2025-08-06T00:41:29.315Z,MOEX,Si-12.25,,,83962,,1087,0.18,83.962
2025-08-06T00:41:29.516Z,MOEX,Si-3.26,,,86964,,7,0.23,86.964
2025-08-06T00:41:56.837Z,RAPIRA,USDT/RUB,80.95291123304885,80.99298530724175,,0.049502943850327115,,,
2025-08-06T00:41:57.710Z,GRINEX,USDT/RUB,80.78,81,,0.272344639762316,,,
2025-08-06T00:41:58.467Z,GRINEX,USDT/A7A5,80.739086846,80.97,,0.285999214284441,,,
2025-08-06T00:41:59.012Z,MOEX,USDRUBF,,,80.13,,7649,0.18,0.08012999999999999
2025-08-06T00:41:59.371Z,MOEX,Si-9.25,,,81128,,22767,0.14,81.128
2025-08-06T00:41:59.565Z,MOEX,Si-12.25,,,83962,,1087,0.18,83.962
2025-08-06T00:41:59.760Z,MOEX,Si-3.26,,,86964,,7,0.23,86.964
2025-08-06T00:42:26.754Z,RAPIRA,USDT/RUB,80.95291123304885,80.99298530724175,,0.049502943850327115,,,
2025-08-06T00:42:27.499Z,GRINEX,USDT/RUB,80.78,81,,0.272344639762316,,,
2025-08-06T00:42:28.219Z,GRINEX,USDT/A7A5,80.739086846,80.97,,0.285999214284441,,,
2025-08-06T00:42:28.755Z,MOEX,USDRUBF,,,80.13,,7649,0.18,0.08012999999999999
2025-08-06T00:42:28.944Z,MOEX,Si-9.25,,,81128,,22767,0.14,81.128
2025-08-06T00:42:29.303Z,MOEX,Si-12.25,,,83962,,1087,0.18,83.962
2025-08-06T00:42:29.498Z,MOEX,Si-3.26,,,86964,,7,0.23,86.964
2025-08-06T00:42:56.934Z,RAPIRA,USDT/RUB,80.95291123304885,80.99298530724175,,0.049502943850327115,,,
2025-08-06T00:42:57.702Z,GRINEX,USDT/RUB,80.78,81,,0.272344639762316,,,
2025-08-06T00:42:57.951Z,GRINEX,USDT/A7A5,80.739086846,80.97,,0.285999214284441,,,
2025-08-06T00:42:58.657Z,MOEX,USDRUBF,,,80.13,,7649,0.18,0.08012999999999999
2025-08-06T00:42:58.849Z,MOEX,Si-9.25,,,81128,,22767,0.14,81.128
2025-08-06T00:42:59.041Z,MOEX,Si-12.25,,,83962,,1087,0.18,83.962
2025-08-06T00:42:59.246Z,MOEX,Si-3.26,,,86964,,7,0.23,86.964
2025-08-06T00:43:26.751Z,RAPIRA,USDT/RUB,80.95291123304885,80.99298530724175,,0.049502943850327115,,,
2025-08-06T00:43:27.427Z,GRINEX,USDT/RUB,80.78,81,,0.272344639762316,,,
2025-08-06T00:43:28.141Z,GRINEX,USDT/A7A5,80.739086846,80.97,,0.285999214284441,,,
2025-08-06T00:43:28.674Z,MOEX,USDRUBF,,,80.13,,7649,0.18,0.08012999999999999
2025-08-06T00:43:28.867Z,MOEX,Si-9.25,,,81128,,22767,0.14,81.128
2025-08-06T00:43:29.056Z,MOEX,Si-12.25,,,83962,,1087,0.18,83.962
2025-08-06T00:43:29.248Z,MOEX,Si-3.26,,,86964,,7,0.23,86.964
2025-08-06T00:43:56.916Z,RAPIRA,USDT/RUB,80.95291123304885,80.99298530724175,,0.049502943850327115,,,
2025-08-06T00:43:57.698Z,GRINEX,USDT/RUB,80.78,81,,0.272344639762316,,,
2025-08-06T00:43:58.459Z,GRINEX,USDT/A7A5,80.739086846,80.97,,0.285999214284441,,,
2025-08-06T00:43:59.003Z,MOEX,USDRUBF,,,80.13,,7649,0.18,0.08012999999999999
2025-08-06T00:43:59.196Z,MOEX,Si-9.25,,,81128,,22767,0.14,81.128
2025-08-06T00:43:59.387Z,MOEX,Si-12.25,,,83962,,1087,0.18,83.962
2025-08-06T00:43:59.580Z,MOEX,Si-3.26,,,86964,,7,0.23,86.964
2025-08-06T00:44:26.757Z,RAPIRA,USDT/RUB,80.95291123304885,80.99298530724175,,0.049502943850327115,,,
2025-08-06T00:44:27.529Z,GRINEX,USDT/RUB,80.78,81,,0.272344639762316,,,
2025-08-06T00:44:28.263Z,GRINEX,USDT/A7A5,80.739086846,80.97,,0.285999214284441,,,
2025-08-06T00:44:28.799Z,MOEX,USDRUBF,,,80.13,,7649,0.18,0.08012999999999999
2025-08-06T00:44:28.992Z,MOEX,Si-9.25,,,81128,,22767,0.14,81.128
2025-08-06T00:44:29.354Z,MOEX,Si-12.25,,,83962,,1087,0.18,83.962
2025-08-06T00:44:29.545Z,MOEX,Si-3.26,,,86964,,7,0.23,86.964
2025-08-06T00:44:56.751Z,RAPIRA,USDT/RUB,80.95291123304885,80.99305791776287,,0.049592638612392805,,,
2025-08-06T00:44:57.471Z,GRINEX,USDT/RUB,80.78,81,,0.272344639762316,,,
2025-08-06T00:44:58.217Z,GRINEX,USDT/A7A5,80.739086846,80.97,,0.285999214284441,,,
2025-08-06T00:44:58.770Z,MOEX,USDRUBF,,,80.13,,7649,0.18,0.08012999999999999
2025-08-06T00:44:58.962Z,MOEX,Si-9.25,,,81128,,22767,0.14,81.128
2025-08-06T00:44:59.154Z,MOEX,Si-12.25,,,83962,,1087,0.18,83.962
2025-08-06T00:44:59.344Z,MOEX,Si-3.26,,,86964,,7,0.23,86.964
2025-08-06T00:45:26.982Z,RAPIRA,USDT/RUB,80.95291123304885,80.99305791776287,,0.049592638612392805,,,
2025-08-06T00:45:27.721Z,GRINEX,USDT/RUB,80.78,81,,0.272344639762316,,,
2025-08-06T00:45:28.475Z,GRINEX,USDT/A7A5,80.739086846,80.97,,0.285999214284441,,,
2025-08-06T00:45:29.044Z,MOEX,USDRUBF,,,80.13,,7649,0.18,0.08012999999999999
2025-08-06T00:45:29.242Z,MOEX,Si-9.25,,,81128,,22767,0.14,81.128
2025-08-06T00:45:29.474Z,MOEX,Si-12.25,,,83962,,1087,0.18,83.962
2025-08-06T00:45:29.664Z,MOEX,Si-3.26,,,86964,,7,0.23,86.964
2025-08-06T00:45:56.831Z,RAPIRA,USDT/RUB,80.95251123304885,80.99305791776287,,0.05008700050982847,,,
2025-08-06T00:45:57.712Z,GRINEX,USDT/RUB,80.78,81,,0.272344639762316,,,
2025-08-06T00:45:58.583Z,GRINEX,USDT/A7A5,80.739086846,80.97,,0.285999214284441,,,
2025-08-06T00:45:59.121Z,MOEX,USDRUBF,,,80.13,,7649,0.18,0.08012999999999999
2025-08-06T00:45:59.311Z,MOEX,Si-9.25,,,81128,,22767,0.14,81.128
2025-08-06T00:45:59.502Z,MOEX,Si-12.25,,,83962,,1087,0.18,83.962
2025-08-06T00:45:59.699Z,MOEX,Si-3.26,,,86964,,7,0.23,86.964
2025-08-06T00:46:26.793Z,RAPIRA,USDT/RUB,80.95251123304885,80.99305791776287,,0.05008700050982847,,,
2025-08-06T00:46:27.678Z,GRINEX,USDT/RUB,80.78,81,,0.272344639762316,,,
2025-08-06T00:46:28.412Z,GRINEX,USDT/A7A5,80.739086846,80.97,,0.285999214284441,,,
2025-08-06T00:46:31.283Z,MOEX,USDRUBF,,,80.13,,7649,0.18,0.08012999999999999
2025-08-06T00:46:31.478Z,MOEX,Si-9.25,,,81128,,22767,0.14,81.128
2025-08-06T00:46:31.840Z,MOEX,Si-12.25,,,83962,,1087,0.18,83.962
2025-08-06T00:46:32.039Z,MOEX,Si-3.26,,,86964,,7,0.23,86.964
2025-08-06T00:46:56.810Z,RAPIRA,USDT/RUB,80.95251123304885,80.99305791776287,,0.05008700050982847,,,
2025-08-06T00:46:57.593Z,GRINEX,USDT/RUB,80.78,81,,0.272344639762316,,,
2025-08-06T00:46:58.380Z,GRINEX,USDT/A7A5,80.739086846,80.97,,0.285999214284441,,,
2025-08-06T00:46:58.919Z,MOEX,USDRUBF,,,80.13,,7649,0.18,0.08012999999999999
2025-08-06T00:46:59.112Z,MOEX,Si-9.25,,,81128,,22767,0.14,81.128
2025-08-06T00:46:59.304Z,MOEX,Si-12.25,,,83962,,1087,0.18,83.962
2025-08-06T00:46:59.495Z,MOEX,Si-3.26,,,86964,,7,0.23,86.964
